id,date,buyer_id,buying_unit_id,fisher_id,weight,count,size,volume,collect_weight,weight_units,weight_si,collect_count,collect_volume,volume_units,volume_si,collect_price,price_currency,price_exponent,collect_category,range,rangevalue,buying_unit,total_price,unit_price,country,weight_kg,weight_lbs
d0a28edf-1f4d-4abb-b735-4453e5dae3df,2020-11-23 08:48:41-05,357,5116,249325.0,1.0,1,,0,True,kg,1.0,True,False,,0.0,True,IDR,0,False,0,0,Choerodon anchorago,40000,40000,IDN,1.0,2.205
868f8d42-bbed-43d4-a27c-ef9ac8bf5275,2020-11-22 04:21:22-05,679,10078,305751.0,50.4,35,,0,True,kg,1.0,True,False,,0.0,True,IDR,0,False,0,0,Plectropomus areolatus,1512000,30000,IDN,50.4,111.132
32a399ff-bb09-4d57-9e0d-2d4ab401934d,2020-11-24 15:03:52-05,590,8296,266610.0,133.0,52,,0,True,kg,1.0,True,False,,0.0,True,IDR,0,False,0,0,Lutjanus erythropterus,5320000,40000,IDN,133.0,293.265
b82b6f6d-e413-43eb-9487-e302c111c650,2019-01-16 15:06:51-05,101,1667,3474.0,10.0,0,,0,True,lbs,0.45399999618530273,False,False,,0.0,True,HNL,2,False,0,0,Yalatel,65000,6500,HND,4.535147392290249,10.0
3abaa2f3-111d-4fac-b9ab-5953758217bf,2020-11-30 15:47:19-05,422,8382,266308.0,2.2,1,,0,True,kg,1.0,True,False,,0.0,True,IDR,0,False,0,0,Variola albimarginata,26400,12000,IDN,2.2,4.851000000000001
6a4c66cb-dca0-4e4f-b923-4387e151299e,2020-09-29 15:54:51-04,406,5935,250679.0,3500.0,280,,0,True,kg,1.0,True,False,,0.0,True,IDR,0,False,0,0,Carangoides malabaricus,105000000,30000,IDN,3500.0,7717.5
2c79c6c9-c43a-4fa9-8b80-d1edf1173fe0,2020-12-01 13:49:27-05,333,4754,305777.0,10.0,0,,0,True,kg,1.0,False,False,,0.0,True,MZN,0,False,0,0,Camarão,0,0,MOZ,10.0,22.05
305c5a9e-3e76-42e7-a0a1-a94d79edab5d,2019-03-08 10:34:26-05,250,3432,226888.0,20.0,0,,0,True,kg,1.0,False,False,,0.0,True,MOP,2,False,0,0,Garoupa vermalha,500000,25000,MOZ,20.0,44.1
debbd9c0-10f9-449c-b46e-f97151cf35c6,2020-10-19 12:44:56-04,441,6534,258714.0,195.0,34,,0,True,kg,1.0,True,False,,0.0,True,PHP,0,False,0,0,Mullet,19500,100,PHL,195.0,429.975
31ecae7c-c7f6-40b7-8b4d-59c81d520f90,2020-12-03 13:34:27-05,441,6540,257997.0,6.3,1134,,0,True,kg,0.0,True,False,,0.0,True,PHP,0,False,0,0,pasayan,126,20,PHL,6.3,13.8915
588e06f5-913b-4200-86eb-c5a02a78534c,2019-03-12 06:35:59-04,250,3425,227106.0,20.0,0,,0,True,kg,1.0,False,False,,0.0,True,MOP,2,False,0,0,Atum amarelo,440000,22000,MOZ,20.0,44.1
213a3495-0a65-4435-83b7-4afa6028b309,2020-10-25 08:13:15-04,574,7921,266432.0,201.5,52,,0,True,kg,1.0,True,False,,0.0,True,IDR,0,False,0,0,Octopus cyanea,287700,1427,IDN,201.5,444.3075
2f5f06d2-c4e8-4c3f-ad5a-fbbdfa1667bf,2020-11-04 12:10:44-05,574,7921,266195.0,11.0,1,,0,True,kg,1.0,True,False,,0.0,True,IDR,0,False,0,0,Octopus cyanea,18000,1636,IDN,11.0,24.255000000000003
b81ad449-9ff3-489f-84b5-b276ba8c30c6,2019-03-26 17:18:15-04,289,4095,227144.0,70.0,0,,0,True,kg,1.0,False,False,,0.0,True,MOP,2,False,0,0,Carapau,0,0,MOZ,70.0,154.35
b9f4a40c-7b50-492c-ad53-4e99940e8c0b,2019-03-26 17:21:22-04,289,4085,227013.0,2.0,0,,0,True,kg,1.0,False,False,,0.0,True,MOP,2,False,0,0,Garoupa vermalha,0,0,MOZ,2.0,4.41
1826dd05-0731-47dd-ba41-c2c62a1c0a48,2020-12-07 09:16:07-05,461,8916,266922.0,0.4,1,,0,True,kg,1.0,True,False,,0.0,True,IDR,0,False,0,0,Aphareus rutilans,52001,130003,IDN,0.4,0.8820000000000001
b82f3130-b172-40e2-9b8e-1bbc5a2f894a,2019-03-27 10:19:34-04,289,4083,227144.0,5.0,0,,0,True,kg,1.0,False,False,,0.0,True,MOP,2,False,0,0,Caxuxo,3750,750,MOZ,5.0,11.025
a3769643-503b-414a-bf56-3dd6d132e32e,2020-12-07 09:39:43-05,461,8915,266922.0,24.4,150,,0,True,kg,1.0,True,False,,0.0,True,IDR,0,False,0,0,Paracaesio sordida,317200,13000,IDN,24.4,53.802
78fe75af-90d0-4292-bdbf-43b1055fac6f,2020-12-04 12:07:26-05,679,10088,250332.0,2.0,1,,0,True,kg,1.0,True,False,,0.0,True,IDR,0,False,0,0,Epinephelus spp.,200000,100000,IDN,2.0,4.41
d2ed95db-b79b-4fca-bb6d-99848ee4a7c3,2019-03-21 11:45:11-04,280,3794,205297.0,4.5,0,,0,True,kg,1.0,False,False,,0.0,True,MOP,0,False,0,0,Peixe ladrao,585,130,MOZ,4.5,9.9225
2b746ecf-a119-4461-8e14-702b7d92d1cb,2019-03-30 15:33:12-04,280,3794,,16.0,0,,0,True,kg,1.0,False,False,,0.0,True,MOP,0,False,0,0,Peixe ladrao,2080,130,MOZ,16.0,35.28
42c56c41-05f0-40c7-b47f-332468803e82,2019-03-21 13:00:10-04,280,3794,204958.0,15.0,0,,0,True,kg,1.0,False,False,,0.0,True,MOP,0,False,0,0,Peixe ladrao,1950,130,MOZ,15.0,33.075
f3d54073-9c10-4b35-b561-b3e12796ea78,2019-03-21 11:51:51-04,280,3794,205297.0,4.5,0,,0,True,kg,1.0,False,False,,0.0,True,MOP,0,False,0,0,Peixe ladrao,585,130,MOZ,4.5,9.9225
943ac43a-db65-4408-a645-ef1741bc06c8,2019-04-09 14:00:42-04,303,4502,234691.0,3.0,0,,0,True,kg,1.0,False,False,,0.0,True,MOP,0,False,0,0,Vermelhão (Candhala),0,0,MOZ,3.0,6.615
dc6cb359-eb41-4a5b-9f7d-09c2d8b22bb7,2019-04-11 10:44:25-04,247,3318,228815.0,0.5,4,,0,True,kg,1.0,True,False,,0.0,True,IDR,0,False,0,0,Mulloidichthys flavolineatus,1000,2000,IDN,0.5,1.1025
890685e3-be0a-433f-9b17-376588e109e6,2019-04-14 14:08:10-04,289,4083,,1.0,0,,0,True,kg,1.0,False,False,,0.0,True,MOP,2,False,0,0,Caxuxo,150,150,MOZ,1.0,2.205
69921ced-0b44-40c2-8dae-cf350922fc77,2019-04-14 14:09:35-04,289,4085,,4.0,0,,0,True,kg,1.0,False,False,,0.0,True,MOP,2,False,0,0,Garoupa vermalha,4,1,MOZ,4.0,8.82
a2ed086e-803f-45d1-84c0-30a3ae7e7e73,2020-12-11 04:03:35-05,607,9003,305872.0,56.0,0,,0,True,kg,1.0,False,False,,0.0,True,MZN,0,False,0,0,Fuzileiro azul,62272560,1112010,MOZ,56.0,123.48
3228241d-d5f7-4f76-8957-a5b84c599677,2019-04-29 02:54:16-04,250,4468,227094.0,30.0,0,,0,True,kg,1.0,False,False,,0.0,True,MOP,0,False,0,0,Lula (Malula),510,17,MOZ,30.0,66.15
da4df48d-8c03-44ca-8518-722eea7739e3,2019-04-25 10:46:47-04,261,4920,159001.0,37.0,296,,0,True,kg,0.0,True,False,,0.0,True,PHP,0,False,0,0,cogeta,3700,100,PHL,37.0,81.58500000000001
dde4b526-9d5e-401f-97f8-8faa77ae5972,2020-12-13 18:37:26-05,698,10882,,0.5,2,,0,True,kg,0.0,True,False,,0.0,True,PHP,0,False,0,0,karaho,25,50,PHL,0.5,1.1025
af2a1af2-fcf9-4080-ad23-b400ab300e75,2020-12-15 12:41:22-05,698,10882,,1.0,4,,0,True,kg,0.0,True,False,,0.0,True,PHP,0,False,0,0,karaho,50,50,PHL,1.0,2.205
699d960f-5b84-4c00-bed8-93ef283f5a34,2019-05-18 12:46:51-04,353,4985,234958.0,56.0,0,,0,True,kg,1.0,False,False,,0.0,True,MOP,0,False,0,0,Lula (Malula),2800,50,MOZ,56.0,123.48
49fa0830-79b8-473f-b64d-6093bf92961f,2020-12-19 02:11:39-05,264,3737,228927.0,35.5,45,,0,True,kg,1.0,True,False,,0.0,True,IDR,0,False,0,0,Plectropomus areolatus,2130000,60000,IDN,35.5,78.2775
64ddda4d-3749-4397-b493-3939b7cdb125,2020-12-19 17:03:13-05,599,9692,284866.0,1.5,5,,0,True,kg,1.0,True,False,,0.0,True,IDR,0,False,0,0,Carangoides coeruleopinnatus,10000,6666,IDN,1.5,3.3075
6e1c899b-5f63-48c7-9ff8-66b6f4ceac0b,2020-12-22 08:59:23-05,599,9692,284868.0,2.5,7,,0,True,kg,1.0,True,False,,0.0,True,IDR,0,False,0,0,Carangoides coeruleopinnatus,12000,4800,IDN,2.5,5.5125
eaa017c1-618c-4500-b670-54225a517180,2020-12-23 06:07:22-05,698,10904,305820.0,40.0,160,,0,True,kg,0.0,True,False,,0.0,True,PHP,0,False,0,0,Boraw,5600,140,PHL,40.0,88.2
3e195bc7-6978-4ba1-8ed4-ad7e9eba8f8d,2019-05-29 04:39:47-04,406,5589,250668.0,4.0,3,,0,True,kg,0.0,True,False,,0.0,True,IDR,0,False,0,0,Lutjanus,200000,50000,IDN,4.0,8.82
0899178a-2946-4490-b8ec-65183495db9b,2020-12-23 07:36:22-05,424,5867,248589.0,27.0,124,,0,True,kg,1.0,True,False,,0.0,True,IDR,0,False,0,0,Siganus canaliculatus,810000,30000,IDN,27.0,59.535000000000004
1e264e46-83e6-411c-a954-b508edeb8eca,2019-06-01 06:33:35-04,424,5845,251592.0,30.4,100,,0,True,kg,1.0,True,False,,0.0,True,IDR,0,False,0,0,Siganus guttatus,1580800,52000,IDN,30.4,67.032
690c96ef-0cb1-4d26-bb37-a5a88c2f8076,2020-03-21 08:54:07-04,412,8249,250993.0,1.5,9,,0,True,kg,1.0,True,False,,0.0,True,IDR,0,False,0,0,Parupeneus barberinus,112500,75000,IDN,1.5,3.3075
d28b8f2a-eddd-474e-8cf3-99f7c0ccd8cd,2020-03-21 09:00:25-04,412,8249,250999.0,1.5,9,,0,True,kg,1.0,True,False,,0.0,True,IDR,0,False,0,0,Parupeneus barberinus,112500,75000,IDN,1.5,3.3075
285bece6-520f-4594-81d6-9a208cdd877d,2020-03-19 11:02:54-04,461,6833,266909.0,94.0,7,,0,True,kg,1.0,True,False,,0.0,True,IDR,0,False,0,0,Lutjanus timoriensis,1880000,20000,IDN,94.0,207.27
1a008083-54ab-4754-9632-21cc2013cd3d,2021-01-05 15:07:44-05,287,7167,258189.0,375.0,2250,,0,True,kg,1.0,True,False,,0.0,True,IDR,0,False,0,0,Hemiramphus far,3750000,10000,IDN,375.0,826.875
1963e615-24cd-40cb-8396-bf13376e6435,2021-01-06 13:22:23-05,486,7326,248607.0,40.0,190,,0,True,kg,1.0,True,False,,0.0,True,IDR,0,False,0,0,Nemipterus furcosus,80000,2000,IDN,40.0,88.2
e1ea2e45-05ad-4b56-a6e1-c650de03dd9c,2019-06-25 10:54:39-04,250,4478,226828.0,50.0,0,,0,True,kg,1.0,False,False,,0.0,True,MOP,0,False,0,0,Vermelhão (Candhala),1100,22,MOZ,50.0,110.25
4d5b7041-8282-4d15-9a37-83fff16d49c1,2019-06-23 15:59:57-04,424,5874,256014.0,120.0,13,,0,True,kg,1.0,True,False,,0.0,True,IDR,0,False,0,0,Scomberomorus commerson,8400000,70000,IDN,120.0,264.6
87f108aa-45eb-4ee5-b742-a4c2ca92497e,2020-12-30 11:15:11-05,574,7921,266427.0,92.0,24,,0,True,kg,1.0,True,False,,0.0,True,IDR,0,False,0,0,Octopus cyanea,160000,1739,IDN,92.0,202.86
cf718d3f-a718-40c6-8e52-f48e68335898,2021-01-10 09:05:35-05,412,8237,267057.0,14.3,29,,0,True,kg,1.0,True,False,,0.0,True,IDR,0,False,0,0,Siganus guttatus,500500,35000,IDN,14.3,31.5315
10acaf6d-2b5e-4e03-8816-b0165957d885,2020-04-18 14:35:30-04,412,8249,267057.0,3.5,19,,0,True,kg,1.0,True,False,,0.0,True,IDR,0,False,0,0,Parupeneus barberinus,262500,75000,IDN,3.5,7.7175
158847b4-499b-4653-901b-bb85241e4c05,2020-04-18 14:38:01-04,412,8249,266562.0,2.0,18,,0,True,kg,1.0,True,False,,0.0,True,IDR,0,False,0,0,Parupeneus barberinus,150000,75000,IDN,2.0,4.41
29c0f63c-719a-4205-8d18-6cebfa484675,2020-04-18 14:52:16-04,412,8249,267057.0,3.0,14,,0,True,kg,1.0,True,False,,0.0,True,IDR,0,False,0,0,Parupeneus barberinus,225000,75000,IDN,3.0,6.615
f96f4903-eef5-469d-a07d-2c85675a5630,2020-04-18 14:53:25-04,412,8249,251952.0,1.2,8,,0,True,kg,1.0,True,False,,0.0,True,IDR,0,False,0,0,Parupeneus barberinus,90000,75000,IDN,1.2,2.646
e3fc9d62-9b94-404a-b6b7-f3d4a6d0cd1a,2020-04-18 12:44:33-04,587,8159,257253.0,3.3,15,,0,True,kg,1.0,True,False,,0.0,True,IDR,0,False,0,0,Siganus virgatus,165000,50000,IDN,3.3,7.2764999999999995
90e38574-b679-4d5a-afc3-727408647e64,2020-04-22 08:23:40-04,461,6828,256760.0,51.2,78,,0,True,kg,1.0,True,False,,0.0,True,IDR,0,False,0,0,Lutjanus gibbus,921600,18000,IDN,51.2,112.89600000000002
e74873b0-b5ea-4086-a09c-bbed6e632202,2019-05-17 11:02:00-04,302,4559,227106.0,100.0,0,,0,True,kg,1.0,False,False,,0.0,True,MOP,0,False,0,0,Ladrão (Pedra),300,3,MOZ,100.0,220.5
e937289f-e92f-4833-8283-6f8af7307f18,2019-06-07 13:43:28-04,302,4559,,1.0,0,,0,True,kg,1.0,False,False,,0.0,True,MOP,0,False,0,0,Ladrão (Pedra),160,160,MOZ,1.0,2.205
2bc3010c-7e90-411c-8ef7-fd9f8b640bba,2020-03-06 06:51:48-05,393,5316,249234.0,4.5,1,,0,True,kg,0.0,True,False,,0.0,True,IDR,0,False,0,0,ikan dasar,45000,10000,IDN,4.5,9.9225
96ac88ce-a39b-41ac-b17a-badc24019b72,2020-05-03 14:37:13-04,586,8853,266938.0,128.0,800,,0,True,kg,1.0,True,False,,0.0,True,IDR,0,False,0,0,Lethrinus obsoletus,1536000,12000,IDN,128.0,282.24
84181a57-49aa-440d-b5df-030e7d1e0cab,2020-05-03 14:42:18-04,586,8859,266938.0,84.0,250,,0,True,kg,1.0,True,False,,0.0,True,IDR,0,False,0,0,Lutjanus gibbus,1428000,17000,IDN,84.0,185.22
e33414c8-a9cd-4bd5-a87c-5343d26688e5,2020-05-04 16:20:56-04,586,8853,266938.0,119.0,250,,0,True,kg,1.0,True,False,,0.0,True,IDR,0,False,0,0,Lethrinus obsoletus,1428000,12000,IDN,119.0,262.395
a35a56ac-8d4b-40e3-9dfa-85584958a627,2020-05-06 05:28:55-04,412,5622,250996.0,59.2,312,,0,True,kg,1.0,True,False,,0.0,True,IDR,0,False,0,0,Lethrinus obsoletus,1065600,18000,IDN,59.2,130.536
6cc3c8f6-ca61-4ca0-878e-fe6da3ebb9cb,2020-05-11 16:13:11-04,586,8859,266938.0,165.0,495,,0,True,kg,1.0,True,False,,0.0,True,IDR,0,False,0,0,Lutjanus gibbus,2805000,17000,IDN,165.0,363.825
e8bc20b4-385b-4629-a6ae-ad9b8f8b2d6b,2020-05-11 16:13:36-04,586,8852,266938.0,115.0,570,,0,True,kg,1.0,True,False,,0.0,True,IDR,0,False,0,0,Lethrinus microdon,1380000,12000,IDN,115.0,253.57500000000002
173ae4bf-b744-4018-97f0-b7a9a07c8c4f,2020-05-11 16:15:08-04,586,8878,266938.0,229.0,657,,0,True,kg,1.0,True,False,,0.0,True,IDR,0,False,0,0,Scarus rivulatus,1832000,8000,IDN,229.0,504.945
cc76fa8d-1869-4e6c-8b68-fdf764df66f4,2021-01-16 15:27:38-05,287,3862,258361.0,310.0,450,,0,True,kg,1.0,True,False,,0.0,True,IDR,0,False,0,0,Caesio cuning,5270000,17000,IDN,310.0,683.5500000000001
d16c01df-65d8-4af1-b9bb-175fe425c59e,2021-01-17 10:14:10-05,679,10088,305951.0,33.0,36,,0,True,kg,1.0,True,False,,0.0,True,IDR,0,False,0,0,Epinephelus spp.,660000,20000,IDN,33.0,72.765
c4e752ce-64d0-438f-b420-c4e5231dfd0c,2020-05-14 16:14:40-04,586,8878,266938.0,339.0,678,,0,True,kg,1.0,True,False,,0.0,True,IDR,0,False,0,0,Scarus rivulatus,2712000,8000,IDN,339.0,747.495
297d5665-6e2b-49d9-bc1b-227ab0f71aaf,2020-05-14 16:15:47-04,586,8852,266938.0,163.0,326,,0,True,kg,1.0,True,False,,0.0,True,IDR,0,False,0,0,Lethrinus microdon,1956000,12000,IDN,163.0,359.415
ebef3ebf-de0f-41bd-83bc-00054a75e007,2019-07-15 12:37:40-04,62,997,248668.0,1000.0,0,,0,True,lbs,0.45359236001968384,False,False,,0.0,True,HNL,0,False,0,0,Culila,25000,25,HND,453.5147392290249,1000.0
87b69941-0cf5-44f4-9bf2-fa3ca0469ffa,2020-05-29 10:51:06-04,264,3736,228837.0,0.2,1,,0,True,kg,1.0,True,False,,0.0,True,IDR,0,False,0,0,Plectropomus oligacanthus,1000,5000,IDN,0.2,0.44100000000000006
adf9d7da-712b-470c-ae61-cd03219077b0,2020-05-29 10:51:17-04,264,3741,228837.0,0.3,1,,0,True,kg,1.0,True,False,,0.0,True,IDR,0,False,0,0,Variola louti,1500,5000,IDN,0.3,0.6615
37442cc1-e910-4f7f-b2e1-215ca5f8391e,2020-05-29 10:53:03-04,264,3732,228837.0,0.8,2,,0,True,kg,1.0,True,False,,0.0,True,IDR,0,False,0,0,Aethaloperca rogaa,10000,12500,IDN,0.8,1.7640000000000002
7c1c1dd5-8dbb-40bf-9636-539c8240347e,2020-05-29 10:57:40-04,264,3732,228843.0,1.5,3,,0,True,kg,1.0,True,False,,0.0,True,IDR,0,False,0,0,Aethaloperca rogaa,18750,12500,IDN,1.5,3.3075
ec955c28-1a5f-4598-b7c9-287e6c4fffb8,2021-01-22 01:09:20-05,242,3893,227248.0,27.0,45,,0,True,kg,1.0,True,False,,0.0,True,IDR,0,False,0,0,Variola albimarginata,405000,15000,IDN,27.0,59.535000000000004
7edef685-f21b-4155-84ce-af4ce16a7e22,2020-06-10 06:54:09-04,481,7197,258202.0,15.0,1,,0,True,kg,1.0,True,False,,0.0,True,IDR,0,False,0,0,Carangoides coeruleopinnatus,90000,6000,IDN,15.0,33.075
ca08655b-602e-4ba2-9d33-8eb046a35eb0,2019-04-29 06:54:13-04,253,4537,257828.0,5.5,0,,0,True,kg,1.0,False,False,,0.0,True,MOP,0,False,0,0,Lula (Malula),93,17,MOZ,5.5,12.127500000000001
95eb8519-07ed-4af5-a04c-3ae048ebec60,2021-01-25 14:26:55-05,287,3862,305674.0,189.0,270,,0,True,kg,1.0,True,False,,0.0,True,IDR,0,False,0,0,Caesio cuning,3213000,17000,IDN,189.0,416.745
7cc46ae0-c5ff-4a62-9e43-7aea982c34ed,2019-07-10 13:52:43-04,289,4085,227032.0,1150.0,0,,0,True,kg,1.0,False,False,,0.0,True,MOP,0,False,0,0,Garoupa vermalha,172500,150,MOZ,1150.0,2535.75
965bf305-217c-4575-bc81-0a64c30f8483,2019-07-26 11:01:39-04,293,3889,227320.0,1.5,70,,0,True,kg,1.0,True,False,,0.0,True,MOP,0,False,0,0,Peixe serra,0,0,MOZ,1.5,3.3075
cfdc3354-5e3c-42a6-80d1-4bedd94a82a2,2020-06-21 17:46:00-04,287,3862,258170.0,18.0,70,,0,True,kg,1.0,True,False,,0.0,True,IDR,0,False,0,0,Caesio cuning,54000,3000,IDN,18.0,39.69
121fd967-4ba1-47a0-b5d5-a76afe6f911d,2021-01-28 03:04:47-05,287,7167,258189.0,7.0,25,,0,True,kg,1.0,True,False,,0.0,True,IDR,0,False,0,0,Hemiramphus far,245000,35000,IDN,7.0,15.435
8c24e3a0-9543-43ab-962a-ec67cef1dfdc,2021-01-28 03:05:22-05,287,7167,258199.0,5.5,18,,0,True,kg,1.0,True,False,,0.0,True,IDR,0,False,0,0,Hemiramphus far,192500,35000,IDN,5.5,12.127500000000001
864a9740-f90c-4588-988e-6002da1536a2,2021-01-28 03:06:07-05,287,7401,266989.0,15.5,30,,0,True,kg,1.0,True,False,,0.0,True,IDR,0,False,0,0,Strongylura incisa,542500,35000,IDN,15.5,34.1775
c883aecf-0090-4348-8348-8cafe3baa583,2020-06-17 14:48:18-04,611,9094,275005.0,3.0,90,,0,True,kg,0.0,True,False,,0.0,True,PHP,0,False,0,0,gutob,60,20,PHL,3.0,6.615
0b287d35-4626-46d8-9be7-25f4872a9f76,2021-01-28 03:12:31-05,287,9612,281841.0,4.0,2,,0,True,kg,1.0,True,False,,0.0,True,IDR,0,False,0,0,Sphyraena putnamae,188000,47000,IDN,4.0,8.82
c4797357-d71c-40ff-b6e5-25b646612d34,2020-07-02 04:37:21-04,309,4340,281808.0,98.0,0,,0,True,lbs,0.4546000063419342,False,False,,0.0,True,HNL,0,False,0,0,Rojo,2352,24,HND,44.44444444444444,98.0
d3052f6e-07f6-459a-af28-ef46ec64a540,2019-08-12 15:08:03-04,441,6520,258125.0,6.2,248,,0,True,kg,0.0,True,False,,0.0,True,PHP,0,False,0,0,danget,100,16,PHL,6.2,13.671000000000001
f0413634-9bd5-4dc4-9fd3-459bcb9f2603,2020-12-13 11:22:56-05,605,8960,305791.0,12.0,0,,0,True,kg,1.0,False,False,,0.0,True,MZN,0,False,0,0,Peixe Agulha,120,10,MOZ,12.0,26.46
73daaab4-7077-44a7-8df3-33250c298f6c,2021-01-10 08:21:54-05,605,8961,305791.0,10250.0,0,,0,True,kg,1.0,False,False,,0.0,True,MZN,0,False,0,0,Lula,2562500,250,MOZ,10250.0,22601.25
406e34e7-cfd5-49f4-bd30-206020073c6d,2020-08-12 12:27:06-04,587,9026,281883.0,7.0,5,,0,True,kg,1.0,True,False,,0.0,True,IDR,0,False,0,0,Hipposcarus longiceps,20000,2857,IDN,7.0,15.435
30b70e34-a74c-40e1-a188-8947cd51421a,2020-08-15 16:54:45-04,287,3862,266180.0,3.0,20,,0,True,kg,1.0,True,False,,0.0,True,IDR,0,False,0,0,Caesio cuning,4500,1500,IDN,3.0,6.615
0153ef92-5284-4986-8fee-f7cce152ef60,2021-02-16 15:37:30-05,586,8882,256949.0,49.8,10,,0,True,kg,1.0,True,False,,0.0,True,IDR,0,False,0,0,Caranx melampygus,1095600,22000,IDN,49.8,109.809
cead5a74-25d4-490a-b936-cc643074f28d,2021-02-21 09:16:38-05,424,5846,250084.0,1.0,1,,0,True,kg,1.0,True,False,,0.0,True,IDR,0,False,0,0,Platax pinnatus,45000,45000,IDN,1.0,2.205
44d05e5f-6520-4857-b17c-8ae4b1309793,2019-10-08 16:01:16-04,250,4468,258615.0,1.0,0,,0,True,kg,1.0,False,False,,0.0,True,MOP,0,False,0,0,Lula (Malula),240,240,MOZ,1.0,2.205
b939dad4-2ffd-4a7f-8567-26cac5923da8,2019-10-10 06:41:50-04,424,5857,249358.0,2.6,12,,0,True,kg,1.0,True,False,,0.0,True,IDR,0,False,0,0,Lethrinus lentjan,250000,96154,IDN,2.6,5.7330000000000005
d09900a5-f139-42e3-af5c-6db4e46e0071,2020-09-08 16:30:08-04,242,3230,227248.0,5.0,14,,0,True,kg,1.0,True,False,,0.0,True,IDR,0,False,0,0,Variola louti,25000,5000,IDN,5.0,11.025
b057008d-a01b-47ca-9bce-eda10cb59b43,2020-07-17 06:12:55-04,612,9149,275049.0,240.0,0,,0,True,kg,0.0,False,False,,0.0,True,PHP,0,False,0,0,budloy,19200,80,PHL,240.0,529.2
d185b789-869f-4da5-b60b-5aaa2f654041,2021-02-24 13:20:55-05,586,8859,257028.0,58.0,174,,0,True,kg,1.0,True,False,,0.0,True,IDR,0,False,0,0,Lutjanus gibbus,1276000,22000,IDN,58.0,127.89
a366eb80-54a5-4006-abdc-bc5959b64b99,2020-09-11 03:04:11-04,264,3737,257645.0,100.4,80,,0,True,kg,1.0,True,False,,0.0,True,IDR,0,False,0,0,Plectropomus areolatus,4518000,45000,IDN,100.4,221.38200000000003
e03abba6-7e2d-4878-a566-929d2ae2c8b5,2019-10-19 14:53:56-04,250,4463,258755.0,1110.0,0,,0,True,kg,1.0,False,False,,0.0,True,MOP,0,False,0,0,Choco (Machoco),0,0,MOZ,1110.0,2447.55
7e82ae92-4fdb-4abb-807d-0df1f9cd63c7,2019-08-17 07:44:27-04,289,4085,227716.0,1150.0,0,,0,True,kg,1.0,False,False,,0.0,True,MOP,0,False,0,0,Garoupa vermalha,172500,150,MOZ,1150.0,2535.75
15dce1cb-8ac4-4a5a-a122-422cb4a08ce5,2019-08-17 07:45:11-04,289,4085,227716.0,2150.0,0,,0,True,kg,1.0,False,False,,0.0,True,MOP,0,False,0,0,Garoupa vermalha,322500,150,MOZ,2150.0,4740.75
e9cac8e4-3734-4027-9acc-0a4b5d222b88,2019-08-17 07:45:51-04,289,4083,227013.0,2150.0,0,,0,True,kg,1.0,False,False,,0.0,True,MOP,0,False,0,0,Caxuxo,322500,150,MOZ,2150.0,4740.75
348099de-3c9f-486d-9b93-7a3f3a62b073,2019-08-23 15:58:33-04,289,4085,227013.0,23.0,0,,0,True,kg,1.0,False,False,,0.0,True,MOP,0,False,0,0,Garoupa vermalha,23,1,MOZ,23.0,50.715
b734a2d8-eae5-4793-a106-27d2c6dd6a35,2019-08-24 16:05:02-04,289,4085,227302.0,16.0,0,,0,True,kg,1.0,False,False,,0.0,True,MOP,0,False,0,0,Garoupa vermalha,16,1,MOZ,16.0,35.28
cd01382a-dc75-44fd-9a06-f7b81e9a2948,2019-08-26 16:36:33-04,289,4085,228075.0,1215.0,0,,0,True,kg,1.0,False,False,,0.0,True,MOP,0,False,0,0,Garoupa vermalha,182250,150,MOZ,1215.0,2679.0750000000003
800026c7-5aa3-4219-a2ee-0e9f28f1401a,2019-10-14 16:44:15-04,289,4095,227128.0,263.0,0,,0,True,kg,1.0,False,False,,0.0,True,MOP,0,False,0,0,Carapau,18410,70,MOZ,263.0,579.915
718ce5da-7d1f-458e-9847-0e3acda27371,2020-09-22 11:52:45-04,412,5623,251952.0,2.6,1,,0,True,kg,1.0,True,False,,0.0,True,IDR,0,False,0,0,Plectorhinchus flavomaculatus,233999,90000,IDN,2.6,5.7330000000000005
adf1cab0-fe1c-4bc9-a92c-662c2cb0c7c8,2020-09-22 12:00:26-04,412,5622,250996.0,55.0,485,,0,True,kg,1.0,True,False,,0.0,True,IDR,0,False,0,0,Lethrinus obsoletus,990000,18000,IDN,55.0,121.275
bf493142-0f68-4339-8cb9-03ed5a73bab9,2020-09-22 12:01:06-04,412,5623,250996.0,1.5,2,,0,True,kg,1.0,True,False,,0.0,True,IDR,0,False,0,0,Plectorhinchus flavomaculatus,135000,90000,IDN,1.5,3.3075
6eed6c7d-6892-421e-883d-47ff99638e4b,2020-09-22 12:15:22-04,412,5623,250999.0,1.1,1,,0,True,kg,1.0,True,False,,0.0,True,IDR,0,False,0,0,Plectorhinchus flavomaculatus,99000,90000,IDN,1.1,2.4255000000000004
2221a6f0-4f2e-4396-8418-b4434544a61e,2020-09-30 09:30:11-04,412,5623,250996.0,2.1,2,,0,True,kg,1.0,True,False,,0.0,True,IDR,0,False,0,0,Plectorhinchus flavomaculatus,188999,90000,IDN,2.1,4.6305000000000005
c5e2afcd-2027-4db0-a8dc-2c47dfa180b5,2020-09-30 09:30:22-04,412,5623,250996.0,0.7,1,,0,True,kg,1.0,True,False,,0.0,True,IDR,0,False,0,0,Plectorhinchus flavomaculatus,63000,90000,IDN,0.7,1.5434999999999999
be1a20d9-701b-4536-ad9a-33429178ebfb,2020-10-07 11:12:36-04,262,3698,205673.0,1.9,2,,0,True,kg,1.0,True,False,,0.0,True,IDR,0,False,0,0,Octopus cyanea,3800,2000,IDN,1.9,4.1895
ac5538f0-6ec3-49ef-8fdd-17acfab1adb0,2019-11-05 15:54:21-05,421,5789,257081.0,7.0,5,C,0,True,kg,1.0,True,False,,0.0,True,IDR,0,True,219,685,Octopus sp.,10500,1500,IDN,7.0,15.435
811e0295-8ea2-4a59-9cec-a0ba3952e842,2019-11-10 02:33:25-05,421,5789,257081.0,7.0,5,C,0,True,kg,1.0,True,False,,0.0,True,IDR,0,True,219,685,Octopus sp.,10500,1500,IDN,7.0,15.435
6d1582be-cb3b-4980-8fe7-d3e439cb59da,2019-09-08 08:49:35-04,337,4780,257061.0,442.0,20,,1,True,kg,0.0,True,True,Kg,0.0,True,PHP,0,False,0,0,,66300,150,PHL,442.0,974.61
f8617e3b-39c0-422a-ae4c-90ae02c639ac,2019-11-12 13:54:29-05,412,5628,249662.0,178.0,120,,0,True,kg,1.0,True,False,,0.0,True,IDR,0,False,0,0,Nemipterus balinensoides,3916000,22000,IDN,178.0,392.49
e851f9f5-658c-4e5f-b676-1361dbad6110,2020-10-08 04:43:22-04,412,5623,249665.0,2.8,2,,0,True,kg,1.0,True,False,,0.0,True,IDR,0,False,0,0,Plectorhinchus flavomaculatus,252000,90000,IDN,2.8,6.1739999999999995
40414539-5042-4f32-8f44-c592b5a24ac8,2020-10-14 11:24:05-04,412,5623,250999.0,1.7,2,,0,True,kg,1.0,True,False,,0.0,True,IDR,0,False,0,0,Plectorhinchus flavomaculatus,153000,90000,IDN,1.7,3.7485
d5ad39b4-9733-4ded-9780-5367844b5b9a,2019-11-23 03:08:42-05,62,990,259116.0,2500.0,0,,0,True,lbs,0.45399999618530273,False,False,,0.0,True,HNL,0,False,0,0,Calale,100000,40,HND,1133.7868480725622,2500.0
9ec239fa-eea8-49dd-a95b-6e649b751397,2019-11-23 03:11:23-05,62,990,259118.0,2700.0,0,,0,True,lbs,0.45399999618530273,False,False,,0.0,True,HNL,0,False,0,0,Calale,108000,40,HND,1224.4897959183672,2700.0
8d8cedab-01eb-4d78-961f-aa92bd2f8bd3,2019-11-17 14:08:09-05,250,4479,227106.0,70.0,0,,0,True,kg,1.0,False,False,,0.0,True,MOP,0,False,0,0,Xaréu (Cheleua),700,10,MOZ,70.0,154.35
5e86c094-8591-4a55-8176-66d744878d7b,2020-10-19 11:57:47-04,412,5623,250999.0,3.5,2,,0,True,kg,1.0,True,False,,0.0,True,IDR,0,False,0,0,Plectorhinchus flavomaculatus,315000,90000,IDN,3.5,7.7175
679463b3-b21c-42db-a761-6d91e0ee7cf0,2020-10-22 04:58:32-04,412,5623,251952.0,11.8,8,,0,True,kg,1.0,True,False,,0.0,True,IDR,0,False,0,0,Plectorhinchus flavomaculatus,1062000,90000,IDN,11.8,26.019000000000002
2edd10dd-d3f2-4c86-9851-d63c593ab868,2020-10-22 05:00:48-04,412,5623,250996.0,0.8,1,,0,True,kg,1.0,True,False,,0.0,True,IDR,0,False,0,0,Plectorhinchus flavomaculatus,72000,90000,IDN,0.8,1.7640000000000002
140092eb-6b58-46f3-bdf7-a4923208dd1a,2020-10-24 12:30:36-04,412,5623,267057.0,9.0,5,,0,True,kg,1.0,True,False,,0.0,True,IDR,0,False,0,0,Plectorhinchus flavomaculatus,810000,90000,IDN,9.0,19.845
fc8d5d0b-7399-4f37-b88f-3f7bb6783249,2020-10-24 12:37:07-04,412,5623,267057.0,6.2,5,,0,True,kg,1.0,True,False,,0.0,True,IDR,0,False,0,0,Plectorhinchus flavomaculatus,558000,90000,IDN,6.2,13.671000000000001
c3f5f7c1-b189-4d61-badc-59ebad4b2642,2020-10-24 12:38:59-04,412,5623,250996.0,4.3,3,,0,True,kg,1.0,True,False,,0.0,True,IDR,0,False,0,0,Plectorhinchus flavomaculatus,387000,90000,IDN,4.3,9.4815
a2c96577-81d6-4562-9f01-762ab1635a7c,2020-10-24 12:40:35-04,412,5623,267057.0,1.1,2,,0,True,kg,1.0,True,False,,0.0,True,IDR,0,False,0,0,Plectorhinchus flavomaculatus,99000,90000,IDN,1.1,2.4255000000000004
66b0f224-5d79-4612-978d-8d17ef181b8b,2020-10-25 16:50:56-04,287,3862,258170.0,259.0,900,,0,True,kg,1.0,True,False,,0.0,True,IDR,0,False,0,0,Caesio cuning,5180000,20000,IDN,259.0,571.095
c65e3b99-5dbc-4665-aa2d-8e55d50572c6,2019-06-13 03:40:05-04,339,7840,,16.5,1,,0,True,kg,0.0,True,False,,0.0,True,PHP,0,False,0,0,,165,10,PHL,16.5,36.3825
3953696f-c461-44d3-81d3-90c74e6eb0e3,2019-12-14 08:14:30-05,486,7326,248656.0,50.0,150,,0,True,kg,1.0,True,False,,0.0,True,IDR,0,False,0,0,Nemipterus balinensoides,100000,2000,IDN,50.0,110.25
4ef2bf1e-7541-4714-a54a-3fc2fa013d27,2019-12-14 08:15:38-05,486,7326,250724.0,300.0,500,,0,True,kg,1.0,True,False,,0.0,True,IDR,0,False,0,0,Nemipterus balinensoides,600000,2000,IDN,300.0,661.5
9367d186-c3c0-4ffa-a48e-c273b4e673a9,2019-12-15 06:51:38-05,486,7326,248638.0,300.0,600,,0,True,kg,1.0,True,False,,0.0,True,IDR,0,False,0,0,Nemipterus balinensoides,600000,2000,IDN,300.0,661.5
1b034b27-9b00-4ac0-989c-37a4e6ff0cec,2019-12-15 07:02:44-05,486,7326,248653.0,150.0,250,,0,True,kg,1.0,True,False,,0.0,True,IDR,0,False,0,0,Nemipterus balinensoides,300000,2000,IDN,150.0,330.75
acc10cef-76d1-4b72-8c4e-96963f8b1cd8,2019-12-15 07:04:12-05,486,7326,248655.0,130.0,320,,0,True,kg,1.0,True,False,,0.0,True,IDR,0,False,0,0,Nemipterus balinensoides,260000,2000,IDN,130.0,286.65000000000003
9d472c53-a512-43af-b9cb-9561afc95b80,2020-10-31 13:52:30-04,481,7207,258200.0,13.0,1,,0,True,kg,1.0,True,False,,0.0,True,IDR,0,False,0,0,Plectorhinchus chaetodonoides,40000,3076,IDN,13.0,28.665
9e22a31f-6480-4c2c-841c-bf541e387837,2020-11-01 05:27:12-05,424,5867,248594.0,13.7,50,,0,True,kg,1.0,True,False,,0.0,True,IDR,0,False,0,0,Siganus canaliculatus,411000,30000,IDN,13.7,30.2085
3d96af64-a36d-4ead-86c6-ebd2980955f7,2020-10-28 13:06:20-04,264,3737,266192.0,41.5,37,,0,True,kg,1.0,True,False,,0.0,True,IDR,0,False,0,0,Plectropomus areolatus,2075000,50000,IDN,41.5,91.50750000000001
31db29c3-24a0-4ed4-a2e3-bb311658eb82,2020-10-28 13:07:35-04,264,3736,266192.0,32.7,15,,0,True,kg,1.0,True,False,,0.0,True,IDR,0,False,0,0,Plectropomus oligacanthus,2616000,80000,IDN,32.7,72.10350000000001
98273079-c661-479e-8d7d-0d22f3fc4f8d,2020-10-28 13:08:02-04,264,3741,266192.0,26.3,20,,0,True,kg,1.0,True,False,,0.0,True,IDR,0,False,0,0,Variola louti,789000,30000,IDN,26.3,57.9915
998bf8ac-e5ba-423d-8c60-3c1d8b47cfc9,2020-10-28 13:17:30-04,264,3732,228927.0,0.5,1,,0,True,kg,1.0,True,False,,0.0,True,IDR,0,False,0,0,Aethaloperca rogaa,5000,10000,IDN,0.5,1.1025
02479f5e-c471-4232-81d8-2507f615e7b1,2020-10-28 13:40:49-04,264,3737,228927.0,115.0,11,,0,True,kg,1.0,True,False,,0.0,True,IDR,0,False,0,0,Plectropomus areolatus,660000,5739,IDN,115.0,253.57500000000002
76e4df04-1c66-45ae-8146-bbee5a2dad36,2020-10-28 13:46:23-04,264,3732,228927.0,0.5,1,,0,True,kg,1.0,True,False,,0.0,True,IDR,0,False,0,0,Aethaloperca rogaa,5000,10000,IDN,0.5,1.1025
b2efe14e-1b8b-4b96-8f56-e337d4665153,2020-10-28 13:53:29-04,264,3737,228927.0,7.0,4,,0,True,kg,1.0,True,False,,0.0,True,IDR,0,False,0,0,Plectropomus areolatus,54000,7714,IDN,7.0,15.435
c7567b96-9963-419c-a6f8-dc07e756bb66,2020-10-28 13:55:36-04,264,3726,228927.0,0.5,1,,0,True,kg,1.0,True,False,,0.0,True,IDR,0,False,0,0,Epinephelus polyphekadion,5000,10000,IDN,0.5,1.1025
66447a84-a714-4b51-ba34-76671e9a2462,2019-12-30 15:08:17-05,398,5420,,808.0,0,,0,True,lbs,0.45399999618530273,False,False,,0.0,True,HNL,0,False,0,0,Caguacha,9696,12,HND,366.4399092970521,808.0
2bbdf8a0-7085-46c3-88d9-4533e5a57d78,2020-11-06 17:30:51-05,353,4997,234958.0,572.0,0,,0,True,kg,1.0,False,False,,0.0,True,MZN,0,False,0,0,Xaréu (Cheleua),80080,140,MOZ,572.0,1261.26
15e93e1d-54de-4f6a-87f1-fd95d2e30e68,2020-01-20 13:41:25-05,486,7326,248657.0,50.0,150,,0,True,kg,1.0,True,False,,0.0,True,IDR,0,False,0,0,Nemipterus balinensoides,100000,2000,IDN,50.0,110.25
4859effb-c7d3-4dc9-a760-818bf0a9692e,2020-01-20 13:42:33-05,486,7326,248657.0,50.0,150,,0,True,kg,1.0,True,False,,0.0,True,IDR,0,False,0,0,Nemipterus balinensoides,100000,2000,IDN,50.0,110.25
194aea35-edbc-4ba9-b883-e58532f2bc86,2020-01-20 13:43:55-05,486,7326,248638.0,150.0,160,,0,True,kg,1.0,True,False,,0.0,True,IDR,0,False,0,0,Nemipterus balinensoides,300000,2000,IDN,150.0,330.75
4a8e5316-e83e-40e8-8ed5-641ee960d842,2020-11-16 12:43:13-05,287,3862,258170.0,345.0,990,,0,True,kg,1.0,True,False,,0.0,True,IDR,0,False,0,0,Caesio cuning,6900000,20000,IDN,345.0,760.725
94bff18b-88bc-4a28-80c9-326adf132745,2020-11-19 02:08:06-05,461,6829,266912.0,36.0,28,,0,True,kg,1.0,True,False,,0.0,True,IDR,0,False,0,0,Epinephelus fuscoguttatus,900000,25000,IDN,36.0,79.38
5d6696d3-a8ad-4dff-b82b-23743276ca5f,2020-11-19 02:08:42-05,461,6825,266912.0,41.0,38,,0,True,kg,1.0,True,False,,0.0,True,IDR,0,False,0,0,Lethrinus ornatus,615000,15000,IDN,41.0,90.405
da66081a-e3ef-4900-944f-85838e205ef6,2020-01-31 10:46:08-05,468,6904,266514.0,23000.0,0,,0,True,lbs,0.45399999618530273,False,False,,0.0,True,HNL,0,False,0,0,Langosta,23000,1,HND,10430.839002267572,23000.0
0ce5eab9-52ed-43a9-a7ab-6405e56957f2,2020-11-21 06:46:17-05,412,8249,249467.0,30.0,124,,0,True,kg,1.0,True,False,,0.0,True,IDR,0,False,0,0,Parupeneus barberinus,510000,17000,IDN,30.0,66.15
